{
  "employees": [
    {
      "id": "1",
      "fname": "Vipin",
      "lname": "Uniyal",
      "address": "Bangalore",
      "position": "FSD",
      "organization": "Tao Digital",
      "isactive": true,
      "email": "UniyalVipi@mail.com",
      "doj": "2024-02-28"
    },
    {
      "id": "9",
      "fname": "Giri",
      "lname": "Lal",
      "address": "Bangalore",
      "position": "FSD",
      "organization": "Accenture",
      "isactive": true,
      "email": "giri@gmail.com",
      "doj": "2024-02-29"
    },
    {
      "id": "10",
      "fname": "Deepthi",
      "lname": "Kumari",
      "address": "Hyderabad India",
      "position": "Lead Engineer",
      "organization": "Tao",
      "isactive": true,
      "email": "deepthi@tao.com",
      "doj": "2024-02-29"
    },
    {
      "id": 5,
      "fname": "Ganesh",
      "lname": "Parman",
      "address": "Bangalore",
      "position": "FSD",
      "organization": "Fiserv",
      "isactive": true,
      "email": "ganesh@gmail.com",
      "doj": "2024-03-13"
    }
  ]
}